Fecha,Dia,Visitas,Paginas,Solicitudes,Trafico
10/1/2020,1-Oct-20,0,0,0,0
10/2/2020,2-Oct-20,0,0,0,0
10/3/2020,3-Oct-20,0,0,0,0
10/4/2020,4-Oct-20,0,0,0,0
10/5/2020,5-Oct-20,0,0,0,0
10/6/2020,6-Oct-20,0,0,0,0
10/7/2020,7-Oct-20,0,0,0,0
10/8/2020,8-Oct-20,0,0,0,0
10/9/2020,9-Oct-20,0,0,0,0
10/10/2020,10-Oct-20,0,0,0,0
10/11/2020,11-Oct-20,0,0,0,0
10/12/2020,12-Oct-20,0,0,0,0
10/13/2020,13-Oct-20,0,0,0,0
10/14/2020,14-Oct-20,0,0,0,0
10/15/2020,15-Oct-20,0,0,0,0
10/16/2020,16-Oct-20,0,0,0,0
10/17/2020,17-Oct-20,0,0,0,0
10/18/2020,18-Oct-20,0,0,0,0
10/19/2020,19-Oct-20,0,0,0,0
10/20/2020,20-Oct-20,0,0,0,0
10/21/2020,21-Oct-20,39,87,690,147.24
10/22/2020,22-Oct-20,42,81,574,113.55
10/23/2020,23-Oct-20,37,49,350,187.7
10/24/2020,24-Oct-20,10,16,131,55.88
10/25/2020,25-Oct-20,24,32,353,91.19
10/26/2020,26-Oct-20,33,55,442,181.95
10/27/2020,27-Oct-20,80,108,597,202.55
10/28/2020,28-Oct-20,58,77,579,135.46
10/29/2020,29-Oct-20,42,60,315,131.9
10/30/2020,30-Oct-20,39,52,269,83.57
10/31/2020,31-Oct-20,24,30,181,61.08
11/1/2020,1-Nov-20,18,22,136,152.19
11/2/2020,2-Nov-20,41,68,600,185.24
11/3/2020,3-Nov-20,73,100,669,271.09
11/4/2020,4-Nov-20,42,76,441,219.54
11/5/2020,5-Nov-20,38,66,379,296.1
11/6/2020,6-Nov-20,35,70,564,228.27
11/7/2020,7-Nov-20,17,28,155,64.65
11/8/2020,8-Nov-20,15,23,190,125.56
11/9/2020,9-Nov-20,36,49,392,184.26
11/10/2020,10-Nov-20,51,75,519,201.28
11/11/2020,11-Nov-20,31,35,253,110.71
11/12/2020,12-Nov-20,14,26,155,87.87
11/13/2020,13-Nov-20,30,48,322,130.23
11/14/2020,14-Nov-20,20,31,171,68.04
11/15/2020,15-Nov-20,21,38,265,124.06
11/16/2020,16-Nov-20,35,55,393,239.48
11/17/2020,17-Nov-20,39,56,415,224.04
11/18/2020,18-Nov-20,19,22,144,71.95
11/19/2020,19-Nov-20,34,74,584,304.94
11/20/2020,20-Nov-20,25,44,298,201.99
11/21/2020,21-Nov-20,10,12,79,100.98
11/22/2020,22-Nov-20,12,15,99,59.56
11/23/2020,23-Nov-20,26,52,448,140.85
11/24/2020,24-Nov-20,23,37,339,287.15
11/25/2020,25-Nov-20,26,42,329,493.59
11/26/2020,26-Nov-20,32,46,344,149.75
11/27/2020,27-Nov-20,24,50,311,97.88
11/28/2020,28-Nov-20,12,15,120,59.53
11/29/2020,29-Nov-20,20,37,262,218.49
11/30/2020,30-Nov-20,42,60,415,127.42
12/1/2020,1-Dec-20,18,26,193,202.99
12/2/2020,2-Dec-20,30,43,408,94.41
12/3/2020,3-Dec-20,14,17,146,154.62
12/4/2020,4-Dec-20,14,20,140,93.69
12/5/2020,5-Dec-20,6,16,152,88.46
12/6/2020,6-Dec-20,10,14,99,34.99
12/7/2020,7-Dec-20,16,17,175,72.2
12/8/2020,8-Dec-20,16,29,187,85.51
12/9/2020,9-Dec-20,31,58,532,202.32
12/10/2020,10-Dec-20,25,49,406,141.51
12/11/2020,11-Dec-20,17,30,207,111.68
12/12/2020,12-Dec-20,18,46,278,152.71
12/13/2020,13-Dec-20,13,16,82,190.06
12/14/2020,14-Dec-20,25,35,353,120.4
12/15/2020,15-Dec-20,20,31,171,48.19
12/16/2020,16-Dec-20,11,15,117,61.77
12/17/2020,17-Dec-20,9,14,50,50.45
12/18/2020,18-Dec-20,15,17,122,28.56
12/19/2020,19-Dec-20,10,14,88,54.15
12/20/2020,20-Dec-20,9,10,62,50.68
12/21/2020,21-Dec-20,6,8,111,185.78
12/22/2020,22-Dec-20,9,12,140,257.91
12/23/2020,23-Dec-20,6,6,36,13.58
12/24/2020,24-Dec-20,4,4,17,18.5
12/25/2020,25-Dec-20,4,9,18,7.73
12/26/2020,26-Dec-20,8,10,65,31.38
12/27/2020,27-Dec-20,4,4,20,10.45
12/28/2020,28-Dec-20,15,25,209,97.58
12/29/2020,29-Dec-20,24,90,249,63.92
12/30/2020,30-Dec-20,13,27,195,50.53
12/31/2020,31-Dec-20,8,13,42,30.94
1/1/2021,1-Jan-21,9,13,76,44.37
1/2/2021,2-Jan-21,9,13,92,89.58
1/3/2021,3-Jan-21,10,13,104,18.11
1/4/2021,4-Jan-21,17,26,180,37.54
1/5/2021,5-Jan-21,11,13,98,23.74
1/6/2021,6-Jan-21,22,26,133,89.57
1/7/2021,7-Jan-21,21,46,314,74.28
1/8/2021,8-Jan-21,17,31,117,126.25
1/9/2021,9-Jan-21,12,14,93,55.94
1/10/2021,10-Jan-21,16,24,190,144.16
1/11/2021,11-Jan-21,21,45,319,167.04
1/12/2021,12-Jan-21,33,50,287,90.31
1/13/2021,13-Jan-21,24,40,183,84.11
1/14/2021,14-Jan-21,24,43,298,243.18
1/15/2021,15-Jan-21,22,41,274,66.83
1/16/2021,16-Jan-21,18,26,121,88.16
1/17/2021,17-Jan-21,21,26,164,101.25
1/18/2021,18-Jan-21,13,19,140,110.87
1/19/2021,19-Jan-21,28,57,574,293.45
1/20/2021,20-Jan-21,11,16,137,134.99
1/21/2021,21-Jan-21,11,17,150,95.76
1/22/2021,22-Jan-21,25,41,132,148.14
1/23/2021,23-Jan-21,13,24,170,48.7
1/24/2021,24-Jan-21,15,21,141,68.83
1/25/2021,25-Jan-21,25,50,316,136.22
1/26/2021,26-Jan-21,24,61,522,339.29
1/27/2021,27-Jan-21,18,45,376,158.79
1/28/2021,28-Jan-21,20,40,331,97.07
1/29/2021,29-Jan-21,27,50,469,445.29
1/30/2021,30-Jan-21,32,60,321,190.58
1/31/2021,31-Jan-21,41,104,372,122.87
2/1/2021,1-Feb-21,29,51,271,60.39
2/2/2021,2-Feb-21,42,66,358,162
2/3/2021,3-Feb-21,18,34,334,107.18
2/4/2021,4-Feb-21,20,28,133,246.35
2/5/2021,5-Feb-21,15,26,241,153.1
2/6/2021,6-Feb-21,7,9,107,37.48
2/7/2021,7-Feb-21,14,19,123,37.37
2/8/2021,8-Feb-21,27,37,229,109.11
2/9/2021,9-Feb-21,30,55,312,228.76
2/10/2021,10-Feb-21,16,27,201,113.26
2/11/2021,11-Feb-21,23,41,380,76.69
2/12/2021,12-Feb-21,22,31,222,31.06
2/13/2021,13-Feb-21,13,15,38,14.9
2/14/2021,14-Feb-21,18,27,234,62.63
2/15/2021,15-Feb-21,17,37,270,278.8
2/16/2021,16-Feb-21,20,28,174,163.23
2/17/2021,17-Feb-21,21,28,238,130.32
2/18/2021,18-Feb-21,15,25,184,142.75
2/19/2021,19-Feb-21,27,70,465,68.15
2/20/2021,20-Feb-21,18,37,156,246.92
2/21/2021,21-Feb-21,14,19,130,34.79
2/22/2021,22-Feb-21,31,71,385,116.83
2/23/2021,23-Feb-21,25,47,269,147.17
2/24/2021,24-Feb-21,23,32,176,78.21
2/25/2021,25-Feb-21,22,36,178,74.78
2/26/2021,26-Feb-21,22,34,249,90.05
2/27/2021,27-Feb-21,8,14,67,61.37
2/28/2021,28-Feb-21,14,17,197,189.29
3/1/2021,1-Mar-21,27,44,336,164.24
3/2/2021,2-Mar-21,17,18,124,113
3/3/2021,3-Mar-21,17,30,296,351.55
3/4/2021,4-Mar-21,21,31,155,133.94
3/5/2021,5-Mar-21,18,33,296,40.09
3/6/2021,6-Mar-21,8,13,86,67.16
3/7/2021,7-Mar-21,13,17,93,42.65
3/8/2021,8-Mar-21,25,61,519,205.24
3/9/2021,9-Mar-21,41,101,766,284.2
3/10/2021,10-Mar-21,21,26,202,154.53
3/11/2021,11-Mar-21,25,40,288,199.71
3/12/2021,12-Mar-21,33,42,237,144.62
3/13/2021,13-Mar-21,13,32,207,134.7
3/14/2021,14-Mar-21,18,44,203,87.33
3/15/2021,15-Mar-21,13,25,232,88.94
3/16/2021,16-Mar-21,23,29,145,126.78
3/17/2021,17-Mar-21,71,114,699,260.89
3/18/2021,18-Mar-21,34,64,321,182.08
3/19/2021,19-Mar-21,20,29,158,299.39
3/20/2021,20-Mar-21,16,25,252,100.18
3/21/2021,21-Mar-21,14,25,127,87.47
3/22/2021,22-Mar-21,29,44,207,174.19
3/23/2021,23-Mar-21,26,58,286,136.7
3/24/2021,24-Mar-21,15,22,111,158.07
3/25/2021,25-Mar-21,13,17,170,124.38
3/26/2021,26-Mar-21,32,51,311,128.62
3/27/2021,27-Mar-21,17,28,148,356.47
3/28/2021,28-Mar-21,29,50,262,115.38
3/29/2021,29-Mar-21,27,37,211,115.45
3/30/2021,30-Mar-21,24,30,200,190.44
3/31/2021,31-Mar-21,21,37,266,309.57
4/1/2021,1-Apr-21,27,41,307,69.95
4/2/2021,2-Apr-21,23,34,141,92.21
4/3/2021,3-Apr-21,4,7,16,8.18
4/4/2021,4-Apr-21,13,15,131,180.08
4/5/2021,5-Apr-21,20,25,144,183.55
4/6/2021,6-Apr-21,24,39,251,229.77
4/7/2021,7-Apr-21,19,44,197,97.46
4/8/2021,8-Apr-21,18,32,219,59.57
4/9/2021,9-Apr-21,30,62,317,56.37
4/10/2021,10-Apr-21,20,31,178,69.58
4/11/2021,11-Apr-21,40,91,532,171.86
4/12/2021,12-Apr-21,40,68,264,418.71
4/13/2021,13-Apr-21,25,33,161,93.52
4/14/2021,14-Apr-21,21,32,241,129.19
4/15/2021,15-Apr-21,23,35,280,91.68
4/16/2021,16-Apr-21,22,28,165,92.45
4/17/2021,17-Apr-21,15,17,100,155.72
4/18/2021,18-Apr-21,13,17,51,83.52
4/19/2021,19-Apr-21,21,36,135,101.56
4/20/2021,20-Apr-21,29,40,216,257.11
4/21/2021,21-Apr-21,24,31,164,76.53
4/22/2021,22-Apr-21,17,28,178,88.87
4/23/2021,23-Apr-21,30,49,221,93.36
4/24/2021,24-Apr-21,18,24,89,218.37
4/25/2021,25-Apr-21,31,56,237,166.78
4/26/2021,26-Apr-21,24,48,409,231.39
4/27/2021,27-Apr-21,23,33,160,122.5
4/28/2021,28-Apr-21,29,45,301,160.44
4/29/2021,29-Apr-21,32,52,417,289.26
4/30/2021,30-Apr-21,25,26,172,108.6
5/1/2021,1-May-21,22,38,317,168.69
5/2/2021,2-May-21,30,44,179,82.23
5/3/2021,3-May-21,52,85,562,200.4
5/4/2021,4-May-21,41,72,407,158.26
5/5/2021,5-May-21,23,31,184,172.79
5/6/2021,6-May-21,12,16,113,93.24
5/7/2021,7-May-21,34,40,251,207.69
5/8/2021,8-May-21,13,15,51,82.83
5/9/2021,9-May-21,39,85,483,258.21
5/10/2021,10-May-21,37,59,215,134.12
5/11/2021,11-May-21,34,47,326,110.3
5/12/2021,12-May-21,28,36,165,141.56
5/13/2021,13-May-21,40,51,223,92.85
5/14/2021,14-May-21,30,43,206,138.76
5/15/2021,15-May-21,11,12,88,66.14
5/16/2021,16-May-21,31,50,209,86.27
5/17/2021,17-May-21,29,69,292,261.16
5/18/2021,18-May-21,31,42,219,114.82
5/19/2021,19-May-21,30,35,178,168.45
5/20/2021,20-May-21,22,35,268,46.71
5/21/2021,21-May-21,76,118,719,184.37
5/22/2021,22-May-21,59,88,383,121.66
5/23/2021,23-May-21,34,42,166,78.49
5/24/2021,24-May-21,37,53,361,143.39
5/25/2021,25-May-21,57,104,388,287.25
5/26/2021,26-May-21,44,68,533,255.94
5/27/2021,27-May-21,47,64,323,73.28
5/28/2021,28-May-21,44,69,372,205.37
5/29/2021,29-May-21,38,47,256,108.42
5/30/2021,30-May-21,42,52,247,158.88
5/31/2021,31-May-21,51,66,307,227.02
6/1/2021,1-Jun-21,40,49,241,155.1
6/2/2021,2-Jun-21,41,63,386,308.45
6/3/2021,3-Jun-21,29,34,168,152.53
6/4/2021,4-Jun-21,43,53,312,208.74
6/5/2021,5-Jun-21,24,42,259,219.25
6/6/2021,6-Jun-21,36,61,247,137.22
6/7/2021,7-Jun-21,48,69,379,303.7
6/8/2021,8-Jun-21,48,60,326,243.71
6/9/2021,9-Jun-21,40,54,311,125.82
6/10/2021,10-Jun-21,47,56,352,249.69
6/11/2021,11-Jun-21,51,61,335,103.08
6/12/2021,12-Jun-21,47,59,206,151.99
6/13/2021,13-Jun-21,48,58,313,164.66
6/14/2021,14-Jun-21,54,85,627,269.03
6/15/2021,15-Jun-21,56,87,471,195.45
6/16/2021,16-Jun-21,34,46,310,144.77
6/17/2021,17-Jun-21,44,58,372,238.33
6/18/2021,18-Jun-21,37,52,298,240.45
6/19/2021,19-Jun-21,28,40,197,43.15
6/20/2021,20-Jun-21,37,50,247,83.52
6/21/2021,21-Jun-21,36,44,258,212.51
6/22/2021,22-Jun-21,72,111,779,343.34
6/23/2021,23-Jun-21,37,50,377,433.08
6/24/2021,24-Jun-21,85,116,619,569.19
6/25/2021,25-Jun-21,79,121,626,460.24
6/26/2021,26-Jun-21,58,88,333,297.33
6/27/2021,27-Jun-21,66,91,438,313.19
6/28/2021,28-Jun-21,115,208,1001,413.79
6/29/2021,29-Jun-21,9,12,33,12.46
6/30/2021,30-Jun-21,0,0,0,0
7/1/2021,1-Jul-21,0,0,0,0
7/2/2021,2-Jul-21,0,0,0,0
7/3/2021,3-Jul-21,0,0,0,0
7/4/2021,4-Jul-21,0,0,0,0
7/5/2021,5-Jul-21,0,0,0,0
7/6/2021,6-Jul-21,0,0,0,0
7/7/2021,7-Jul-21,130,253,1080,572.77
7/8/2021,8-Jul-21,101,158,696,706.6
7/9/2021,9-Jul-21,77,108,384,312.09
7/10/2021,10-Jul-21,75,111,452,387.48
7/11/2021,11-Jul-21,86,140,517,514.43
7/12/2021,12-Jul-21,110,185,852,621.86
7/13/2021,13-Jul-21,227,299,1391,758.85
7/14/2021,14-Jul-21,122,193,998,575.43
7/15/2021,15-Jul-21,91,154,668,816.26
7/16/2021,16-Jul-21,109,157,618,511.94
7/17/2021,17-Jul-21,124,215,693,719.8
7/18/2021,18-Jul-21,157,244,788,775.38
7/19/2021,19-Jul-21,206,303,1417,881.38
7/20/2021,20-Jul-21,192,274,938,853.41
7/21/2021,21-Jul-21,203,299,1178,1.16
7/22/2021,22-Jul-21,207,291,953,767.8
7/23/2021,23-Jul-21,150,212,808,684.44
7/24/2021,24-Jul-21,96,138,539,620.43
7/25/2021,25-Jul-21,100,139,416,477.92
7/26/2021,26-Jul-21,158,218,788,528.14
7/27/2021,27-Jul-21,158,213,994,689.95
7/28/2021,28-Jul-21,184,248,1141,817.52
7/29/2021,29-Jul-21,110,142,568,559.32
7/30/2021,30-Jul-21,145,194,809,465.76
7/31/2021,31-Jul-21,113,152,488,388.6
8/1/2021,1-Aug-21,79,106,386,274.02
8/2/2021,2-Aug-21,130,185,748,512.23
8/3/2021,3-Aug-21,140,181,715,825.12
8/4/2021,4-Aug-21,116,178,633,1.37
8/5/2021,5-Aug-21,142,209,672,892.82
8/6/2021,6-Aug-21,190,301,1154,840.22
8/7/2021,7-Aug-21,135,201,692,533.76
8/8/2021,8-Aug-21,224,403,1254,918.18
8/9/2021,9-Aug-21,224,352,1281,1.04
8/10/2021,10-Aug-21,130,191,943,584.7
8/11/2021,11-Aug-21,155,208,809,654.66
8/12/2021,12-Aug-21,148,191,767,476.88
8/13/2021,13-Aug-21,131,213,720,586.22
8/14/2021,14-Aug-21,61,78,329,257.21
8/15/2021,15-Aug-21,71,100,300,328.48
8/16/2021,16-Aug-21,95,135,509,517.17
8/17/2021,17-Aug-21,153,218,876,685.32
8/18/2021,18-Aug-21,144,193,978,543.85
8/19/2021,19-Aug-21,120,181,934,573.57
8/20/2021,20-Aug-21,117,160,679,489.01
8/21/2021,21-Aug-21,68,102,379,220.56
8/22/2021,22-Aug-21,93,117,616,379.31
8/23/2021,23-Aug-21,121,168,676,635.99
8/24/2021,24-Aug-21,118,169,963,566.84
8/25/2021,25-Aug-21,127,188,842,555.3
8/26/2021,26-Aug-21,117,153,603,457.11
8/27/2021,27-Aug-21,107,149,494,457.98
8/28/2021,28-Aug-21,91,118,428,366.17
8/29/2021,29-Aug-21,124,191,770,564.26
8/30/2021,30-Aug-21,169,249,1059,855.29
8/31/2021,31-Aug-21,126,186,731,1007.46
9/1/2021,1-Sep-21,152,232,897,750.44
9/2/2021,2-Sep-21,120,186,805,638.68
9/3/2021,3-Sep-21,84,112,591,421.64
9/4/2021,4-Sep-21,66,79,264,226.2
9/5/2021,5-Sep-21,66,80,306,353.86
9/6/2021,6-Sep-21,125,155,629,687.89
9/7/2021,7-Sep-21,140,219,920,509.91
9/8/2021,8-Sep-21,147,237,1160,384.97
9/9/2021,9-Sep-21,121,150,537,141.36
9/10/2021,10-Sep-21,106,138,622,79.12
9/11/2021,11-Sep-21,62,88,282,72.84
9/12/2021,12-Sep-21,93,144,427,135.23
9/13/2021,13-Sep-21,130,179,751,255.56
9/14/2021,14-Sep-21,77,96,471,210.38
9/15/2021,15-Sep-21,99,144,724,300.37
9/16/2021,16-Sep-21,121,163,564,259.7
9/17/2021,17-Sep-21,94,140,456,279.24
9/18/2021,18-Sep-21,63,114,545,399.19
9/19/2021,19-Sep-21,87,135,562,414.33
9/20/2021,20-Sep-21,117,167,733,299.96
9/21/2021,21-Sep-21,116,166,807,124.08
9/22/2021,22-Sep-21,107,151,607,318.22
9/23/2021,23-Sep-21,89,128,655,286.21
9/24/2021,24-Sep-21,98,126,500,149.61
9/25/2021,25-Sep-21,67,87,310,108.96
9/26/2021,26-Sep-21,106,138,621,305.15
9/27/2021,27-Sep-21,173,227,1007,252.67
9/28/2021,28-Sep-21,145,216,849,241.67
9/29/2021,29-Sep-21,117,155,726,366
9/30/2021,30-Sep-21,130,198,871,235.07
10/1/2021,1-Oct-21,98,153,498,181.82
10/2/2021,2-Oct-21,72,126,401,90.08
10/3/2021,3-Oct-21,95,146,486,102.68
10/4/2021,4-Oct-21,117,145,624,233.29
10/5/2021,5-Oct-21,144,216,805,413.65
10/6/2021,6-Oct-21,184,275,867,276.45
10/7/2021,7-Oct-21,168,236,682,312.97
10/8/2021,8-Oct-21,98,125,368,59.31
10/9/2021,9-Oct-21,78,109,382,118.48
10/10/2021,10-Oct-21,73,110,338,128.25
10/11/2021,11-Oct-21,116,159,692,270.97
10/12/2021,12-Oct-21,99,132,693,357.45
10/13/2021,13-Oct-21,103,136,628,182.68
10/14/2021,14-Oct-21,136,190,725,151.71
10/15/2021,15-Oct-21,91,126,440,88.68
10/16/2021,16-Oct-21,57,87,313,69.43
10/17/2021,17-Oct-21,93,132,460,83.33
10/18/2021,18-Oct-21,115,143,641,205.75
10/19/2021,19-Oct-21,110,145,716,249.5
10/20/2021,20-Oct-21,97,140,561,391
10/21/2021,21-Oct-21,116,162,694,179.47
10/22/2021,22-Oct-21,107,147,606,235.07
10/23/2021,23-Oct-21,89,137,514,110.53
10/24/2021,24-Oct-21,104,148,493,161
10/25/2021,25-Oct-21,192,248,884,266.81
10/26/2021,26-Oct-21,140,178,755,255.46
10/27/2021,27-Oct-21,131,195,768,320.27
10/28/2021,28-Oct-21,117,164,621,325.21
10/29/2021,29-Oct-21,116,174,642,296.92
10/30/2021,30-Oct-21,156,225,714,90.41
10/31/2021,31-Oct-21,160,238,700,174.25
11/1/2021,1-Nov-21,161,244,1116,165.94
11/2/2021,2-Nov-21,160,235,1092,325.92
11/3/2021,3-Nov-21,132,200,716,232.64
11/4/2021,4-Nov-21,136,183,855,311.81
11/5/2021,5-Nov-21,224,324,1267,162.92
11/6/2021,6-Nov-21,135,201,607,180.28
11/7/2021,7-Nov-21,88,133,418,258.59
11/8/2021,8-Nov-21,141,224,749,179.3
11/9/2021,9-Nov-21,175,261,1085,243.15
11/10/2021,10-Nov-21,137,196,679,323.66
11/11/2021,11-Nov-21,174,242,850,309.56
11/12/2021,12-Nov-21,142,251,913,288.6
11/13/2021,13-Nov-21,115,168,430,56.14
11/14/2021,14-Nov-21,111,161,350,122.22
11/15/2021,15-Nov-21,188,280,916,195.72
11/16/2021,16-Nov-21,201,297,1095,172.36
11/17/2021,17-Nov-21,175,250,876,202.66
11/18/2021,18-Nov-21,140,212,788,200.25
11/19/2021,19-Nov-21,77,107,291,115.34
11/20/2021,20-Nov-21,103,137,389,108.69
11/21/2021,21-Nov-21,112,157,442,78.83
11/22/2021,22-Nov-21,155,221,628,162.09
11/23/2021,23-Nov-21,202,340,979,314.59
11/24/2021,24-Nov-21,166,259,833,165.75
11/25/2021,25-Nov-21,115,170,692,275.01
11/26/2021,26-Nov-21,88,111,382,128.83
11/27/2021,27-Nov-21,69,96,294,73.69
11/28/2021,28-Nov-21,81,116,490,106.71
11/29/2021,29-Nov-21,150,216,831,248.53
11/30/2021,30-Nov-21,109,148,737,252.44
12/1/2021,1-Dec-21,112,142,521,134.56
12/2/2021,2-Dec-21,84,115,392,143.79
12/3/2021,3-Dec-21,90,118,444,76.36
12/4/2021,4-Dec-21,61,78,341,65.45
12/5/2021,5-Dec-21,69,95,341,243.71
12/6/2021,6-Dec-21,83,107,347,183.24
12/7/2021,7-Dec-21,92,124,516,80.78
12/8/2021,8-Dec-21,97,126,457,92.94
12/9/2021,9-Dec-21,109,151,559,131.23
12/10/2021,10-Dec-21,118,164,442,381.68
12/11/2021,11-Dec-21,98,139,353,53.31
12/12/2021,12-Dec-21,97,139,382,109.79
12/13/2021,13-Dec-21,95,128,466,138.3
12/14/2021,14-Dec-21,139,183,643,93.5
12/15/2021,15-Dec-21,93,120,355,106.72
12/16/2021,16-Dec-21,89,123,600,269.37
12/17/2021,17-Dec-21,85,106,316,37.75
12/18/2021,18-Dec-21,67,89,260,13.2
12/19/2021,19-Dec-21,99,153,391,27.42
12/20/2021,20-Dec-21,131,204,608,209.51
12/21/2021,21-Dec-21,109,160,523,105.69
12/22/2021,22-Dec-21,85,124,439,93.7
12/23/2021,23-Dec-21,82,96,244,21.7
12/24/2021,24-Dec-21,74,80,180,41.84
12/25/2021,25-Dec-21,74,105,256,59.46
12/26/2021,26-Dec-21,101,132,372,52.83
12/27/2021,27-Dec-21,113,168,646,118.4
12/28/2021,28-Dec-21,141,185,693,116.55
12/29/2021,29-Dec-21,138,180,586,139.13
12/30/2021,30-Dec-21,174,245,916,183.5
12/31/2021,31-Dec-21,113,151,462,52.45
1/1/2022,1-Jan-22,115,167,434,35.64
1/2/2022,2-Jan-22,131,181,464,107.91
1/3/2022,3-Jan-22,183,263,780,122.85
1/4/2022,4-Jan-22,230,345,1092,358.74
1/5/2022,5-Jan-22,248,398,1153,202.77
1/6/2022,6-Jan-22,145,238,1036,196.31
1/7/2022,7-Jan-22,155,231,967,260.08
1/8/2022,8-Jan-22,101,164,527,94.82
1/9/2022,9-Jan-22,160,250,747,143.16
1/10/2022,10-Jan-22,187,294,807,88.96
1/11/2022,11-Jan-22,212,363,947,218.59
1/12/2022,12-Jan-22,271,407,1305,133.01
1/13/2022,13-Jan-22,206,337,915,162.17
1/14/2022,14-Jan-22,203,385,1128,262.5
1/15/2022,15-Jan-22,790,2237,6644,341.32
1/16/2022,16-Jan-22,723,1266,3965,195.99
1/17/2022,17-Jan-22,723,1364,3226,159.33
1/18/2022,18-Jan-22,469,791,2201,354.01
1/19/2022,19-Jan-22,263,386,1171,122.48
1/20/2022,20-Jan-22,172,266,856,91.6
1/21/2022,21-Jan-22,204,323,1059,159.81
1/22/2022,22-Jan-22,122,201,498,392.32
1/23/2022,23-Jan-22,146,238,576,70.63
1/24/2022,24-Jan-22,230,370,930,58.96
1/25/2022,25-Jan-22,297,739,1639,238.07
1/26/2022,26-Jan-22,403,1168,2154,1.57
1/27/2022,27-Jan-22,336,839,1510,236.22
1/28/2022,28-Jan-22,158,406,801,79.63
1/29/2022,29-Jan-22,145,333,640,47.83
1/30/2022,30-Jan-22,176,462,706,46.27
1/31/2022,31-Jan-22,253,591,1113,120.03
2/1/2022,1-Feb-22,198,447,1039,78.5
2/2/2022,2-Feb-22,179,410,852,113.54
2/3/2022,3-Feb-22,153,348,786,107.11
2/4/2022,4-Feb-22,132,291,778,93.05
2/5/2022,5-Feb-22,127,287,598,29.29
2/6/2022,6-Feb-22,118,352,620,27.06
2/7/2022,7-Feb-22,149,344,687,68.69
2/8/2022,8-Feb-22,130,289,749,56.7
2/9/2022,9-Feb-22,137,334,773,78.83
2/10/2022,10-Feb-22,199,489,961,194.37
2/11/2022,11-Feb-22,230,590,1252,110.91
2/12/2022,12-Feb-22,194,483,950,104.69
2/13/2022,13-Feb-22,133,315,512,64.51
2/14/2022,14-Feb-22,134,321,697,155.51
2/15/2022,15-Feb-22,193,421,871,120.56
2/16/2022,16-Feb-22,236,587,1179,66.73
2/17/2022,17-Feb-22,379,955,1910,218.35
2/18/2022,18-Feb-22,255,500,1036,74.11
2/19/2022,19-Feb-22,152,375,863,101.41
2/20/2022,20-Feb-22,142,283,588,190.65
2/21/2022,21-Feb-22,152,299,772,789.62
2/22/2022,22-Feb-22,142,278,702,151.61
2/23/2022,23-Feb-22,95,194,560,419.36
2/24/2022,24-Feb-22,124,248,533,29.41
2/25/2022,25-Feb-22,171,421,1148,59.24
2/26/2022,26-Feb-22,109,225,520,62.62
2/27/2022,27-Feb-22,94,186,385,63.58
2/28/2022,28-Feb-22,109,260,548,72
3/1/2022,1-Mar-22,169,390,811,57.02
3/2/2022,2-Mar-22,156,385,756,113.04
3/3/2022,3-Mar-22,160,353,620,119.76
3/4/2022,4-Mar-22,153,383,727,52.75
3/5/2022,5-Mar-22,86,188,348,50.09
3/6/2022,6-Mar-22,119,273,653,39.49
3/7/2022,7-Mar-22,190,466,972,57.19
3/8/2022,8-Mar-22,165,355,862,100.19
3/9/2022,9-Mar-22,180,398,865,175.7
3/10/2022,10-Mar-22,189,426,829,74.96
3/11/2022,11-Mar-22,150,341,632,87.78
3/12/2022,12-Mar-22,105,234,413,55.6
3/13/2022,13-Mar-22,114,299,564,72.01
3/14/2022,14-Mar-22,191,435,953,75.47
3/15/2022,15-Mar-22,165,352,738,73.99
3/16/2022,16-Mar-22,165,339,660,94.06
3/17/2022,17-Mar-22,230,531,1113,52.22
3/18/2022,18-Mar-22,323,767,1653,125.95
3/19/2022,19-Mar-22,144,299,656,71.63
3/20/2022,20-Mar-22,141,344,688,62.13
3/21/2022,21-Mar-22,166,356,758,82.32
3/22/2022,22-Mar-22,220,525,1127,178.62
3/23/2022,23-Mar-22,221,531,1039,103.91
3/24/2022,24-Mar-22,215,571,1128,84.3
3/25/2022,25-Mar-22,213,525,969,141.88
3/26/2022,26-Mar-22,124,262,532,310.9
3/27/2022,27-Mar-22,136,328,682,39.71
3/28/2022,28-Mar-22,173,363,838,94.39
3/29/2022,29-Mar-22,199,424,826,62.59
3/30/2022,30-Mar-22,168,390,905,121.66
3/31/2022,31-Mar-22,160,387,743,56.79
4/1/2022,1-Apr-22,159,396,704,86.27
4/2/2022,2-Apr-22,112,266,503,25.56
4/3/2022,3-Apr-22,174,417,710,23.92
4/4/2022,4-Apr-22,164,435,823,116.94
4/5/2022,5-Apr-22,176,392,950,259.35
4/6/2022,6-Apr-22,146,411,842,211.65
4/7/2022,7-Apr-22,133,282,803,185.8
4/8/2022,8-Apr-22,149,301,971,262.51
4/9/2022,9-Apr-22,91,209,496,51.59
4/10/2022,10-Apr-22,111,238,493,183.47
4/11/2022,11-Apr-22,156,320,666,168.34
4/12/2022,12-Apr-22,151,294,732,342.61
4/13/2022,13-Apr-22,130,322,693,181.67
4/14/2022,14-Apr-22,134,268,671,51.51
4/15/2022,15-Apr-22,128,293,593,108.93
4/16/2022,16-Apr-22,110,269,683,83.08
4/17/2022,17-Apr-22,118,268,586,186.45
4/18/2022,18-Apr-22,174,333,789,179.77
4/19/2022,19-Apr-22,155,311,752,195.84
4/20/2022,20-Apr-22,145,311,974,110.08
4/21/2022,21-Apr-22,132,327,801,151.16
4/22/2022,22-Apr-22,153,354,897,406.54
4/23/2022,23-Apr-22,121,272,544,88.08
4/24/2022,24-Apr-22,131,370,757,95.83
4/25/2022,25-Apr-22,145,352,952,238.92
4/26/2022,26-Apr-22,153,325,805,263.36
4/27/2022,27-Apr-22,138,327,692,207.75
4/28/2022,28-Apr-22,124,244,635,260.77
4/29/2022,29-Apr-22,137,263,540,99.77
4/30/2022,30-Apr-22,71,147,369,61.2
5/1/2022,1-May-22,99,197,467,100.53
5/2/2022,2-May-22,105,202,513,131.18
5/3/2022,3-May-22,98,192,453,74.31
5/4/2022,4-May-22,107,201,521,136.91
5/5/2022,5-May-22,102,194,448,128.96
5/6/2022,6-May-22,111,239,606,293.36
5/7/2022,7-May-22,79,169,348,49.89
5/8/2022,8-May-22,116,261,569,94.09
5/9/2022,9-May-22,128,256,687,100.1
5/10/2022,10-May-22,107,215,559,197.91
5/11/2022,11-May-22,123,287,704,142.42
5/12/2022,12-May-22,119,238,581,164
5/13/2022,13-May-22,138,311,707,82.43
5/14/2022,14-May-22,110,227,527,86.08
5/15/2022,15-May-22,145,343,691,124.71
5/16/2022,16-May-22,228,544,1109,139.91
5/17/2022,17-May-22,267,675,1376,133.62
5/18/2022,18-May-22,153,319,635,97.89
5/19/2022,19-May-22,124,225,610,190.01
5/20/2022,20-May-22,129,240,563,97.92
5/21/2022,21-May-22,81,162,357,56
5/22/2022,22-May-22,100,192,433,74.76
5/23/2022,23-May-22,179,551,1093,140.23
5/24/2022,24-May-22,134,252,564,205.52
5/25/2022,25-May-22,168,373,910,104.6
5/26/2022,26-May-22,120,229,531,141.74
5/27/2022,27-May-22,111,215,654,157.91
5/28/2022,28-May-22,85,169,484,105.58
5/29/2022,29-May-22,97,182,422,257.25
5/30/2022,30-May-22,106,208,667,104.03
5/31/2022,31-May-22,106,180,480,332.61
6/1/2022,1-Jun-22,94,159,465,65.9
6/2/2022,2-Jun-22,101,165,488,132.44
6/3/2022,3-Jun-22,139,269,687,227.2
6/4/2022,4-Jun-22,100,182,622,83.34
6/5/2022,5-Jun-22,98,203,572,146.78
6/6/2022,6-Jun-22,119,217,680,236.16
6/7/2022,7-Jun-22,135,251,587,270.47
6/8/2022,8-Jun-22,138,269,601,226.71
6/9/2022,9-Jun-22,142,277,646,154.2
6/10/2022,10-Jun-22,136,275,681,82.95
6/11/2022,11-Jun-22,84,182,494,53.74
6/12/2022,12-Jun-22,115,240,463,143.46
6/13/2022,13-Jun-22,126,230,546,135.8
6/14/2022,14-Jun-22,134,319,697,159.09
6/15/2022,15-Jun-22,129,225,580,190.94
6/16/2022,16-Jun-22,115,199,405,37.41
6/17/2022,17-Jun-22,116,232,590,180.13
6/18/2022,18-Jun-22,102,241,490,52.67
6/19/2022,19-Jun-22,88,185,425,77.37
6/20/2022,20-Jun-22,120,250,690,106.62
6/21/2022,21-Jun-22,178,433,1017,132.39
6/22/2022,22-Jun-22,210,458,1061,181.6
6/23/2022,23-Jun-22,145,259,647,86.04
6/24/2022,24-Jun-22,91,165,442,124.6
6/25/2022,25-Jun-22,67,124,274,87.19
6/26/2022,26-Jun-22,95,200,579,97.37
6/27/2022,27-Jun-22,126,257,606,93.21
6/28/2022,28-Jun-22,125,235,548,129.39
6/29/2022,29-Jun-22,139,263,642,231.71
6/30/2022,30-Jun-22,118,227,583,226.78
7/1/2022,1-Jul-22,157,294,608,164.16
7/2/2022,2-Jul-22,115,229,450,19.44
7/3/2022,3-Jul-22,90,196,405,92.72
7/4/2022,4-Jul-22,126,226,531,73.97
7/5/2022,5-Jul-22,129,231,517,103.93
7/6/2022,6-Jul-22,127,239,521,43.12
7/7/2022,7-Jul-22,130,274,662,41.82
7/8/2022,8-Jul-22,126,248,594,98.13
7/9/2022,9-Jul-22,100,200,384,32.66
7/10/2022,10-Jul-22,131,280,626,43.28
7/11/2022,11-Jul-22,168,358,838,126.87
7/12/2022,12-Jul-22,115,205,554,46.93
7/13/2022,13-Jul-22,140,265,545,52.41
7/14/2022,14-Jul-22,141,258,518,234.19
7/15/2022,15-Jul-22,117,209,426,86.36
7/16/2022,16-Jul-22,110,247,498,52.82
7/17/2022,17-Jul-22,114,249,489,50.05
7/18/2022,18-Jul-22,157,340,651,73.12
7/19/2022,19-Jul-22,125,252,591,225.24
7/20/2022,20-Jul-22,187,384,752,125.37
7/21/2022,21-Jul-22,190,385,800,48.31
7/22/2022,22-Jul-22,143,267,617,77.66
7/23/2022,23-Jul-22,102,196,403,30.35
7/24/2022,24-Jul-22,119,257,547,52.65
7/25/2022,25-Jul-22,138,257,644,200.71
7/26/2022,26-Jul-22,147,285,675,46.78
7/27/2022,27-Jul-22,137,272,629,93
7/28/2022,28-Jul-22,141,294,644,104.88
7/29/2022,29-Jul-22,125,226,533,56.13
7/30/2022,30-Jul-22,107,297,492,124.58
7/31/2022,31-Jul-22,124,388,710,228.34
8/1/2022,1-Aug-22,142,262,588,90.36
8/2/2022,2-Aug-22,132,282,794,298.68
8/3/2022,3-Aug-22,101,197,510,260.69
8/4/2022,4-Aug-22,148,268,651,130.01
8/5/2022,5-Aug-22,123,240,602,198.84
8/6/2022,6-Aug-22,105,183,546,75.63
8/7/2022,7-Aug-22,109,289,598,1.62
8/8/2022,8-Aug-22,147,267,780,195.72
8/9/2022,9-Aug-22,149,248,639,212.49
8/10/2022,10-Aug-22,164,295,744,260.35
8/11/2022,11-Aug-22,162,330,717,102.63
8/12/2022,12-Aug-22,151,293,619,133.21
8/13/2022,13-Aug-22,112,227,476,58.34
8/14/2022,14-Aug-22,102,218,446,92.82
8/15/2022,15-Aug-22,144,270,609,139.83
8/16/2022,16-Aug-22,172,341,789,285.01
8/17/2022,17-Aug-22,169,304,813,275.47
8/18/2022,18-Aug-22,161,304,787,215.64
8/19/2022,19-Aug-22,158,310,654,306.03
8/20/2022,20-Aug-22,198,527,1043,362.66
8/21/2022,21-Aug-22,148,293,726,378.11
8/22/2022,22-Aug-22,200,426,1237,330.06
8/23/2022,23-Aug-22,241,532,1137,354.09
8/24/2022,24-Aug-22,183,391,865,150.36
8/25/2022,25-Aug-22,163,297,741,247.68
8/26/2022,26-Aug-22,197,374,875,103.32
8/27/2022,27-Aug-22,186,410,798,47.13
8/28/2022,28-Aug-22,172,362,727,127.82
8/29/2022,29-Aug-22,208,414,941,287.97
8/30/2022,30-Aug-22,182,343,885,209.92
8/31/2022,31-Aug-22,170,355,1043,189.61
9/1/2022,1-Sep-22,195,368,722,205.83
9/2/2022,2-Sep-22,200,374,767,114.3
9/3/2022,3-Sep-22,128,240,510,320.8
9/4/2022,4-Sep-22,166,358,684,167.1
9/5/2022,5-Sep-22,208,426,876,461.98
9/6/2022,6-Sep-22,197,374,893,341.12
9/7/2022,7-Sep-22,212,433,1111,290.57
9/8/2022,8-Sep-22,219,419,754,213.85
9/9/2022,9-Sep-22,186,344,791,155.83
9/10/2022,10-Sep-22,130,253,505,54.97
9/11/2022,11-Sep-22,144,299,535,71.83
9/12/2022,12-Sep-22,167,323,784,207.98
9/13/2022,13-Sep-22,154,298,803,352.28
9/14/2022,14-Sep-22,159,307,746,334.88
9/15/2022,15-Sep-22,195,388,700,458.34
9/16/2022,16-Sep-22,238,448,942,196.12
9/17/2022,17-Sep-22,184,373,722,132.83
9/18/2022,18-Sep-22,175,339,851,186.98
9/19/2022,19-Sep-22,230,439,930,207.96
9/20/2022,20-Sep-22,198,411,871,305.48
9/21/2022,21-Sep-22,175,326,586,162.7
9/22/2022,22-Sep-22,188,341,743,261.61
9/23/2022,23-Sep-22,183,355,678,179.65
9/24/2022,24-Sep-22,171,323,666,158.86
9/25/2022,25-Sep-22,145,242,521,270.54
9/26/2022,26-Sep-22,215,406,1052,289.94
9/27/2022,27-Sep-22,256,545,1098,218.9
9/28/2022,28-Sep-22,218,415,1005,379.82
9/29/2022,29-Sep-22,181,329,735,366.98
9/30/2022,30-Sep-22,174,338,698,134.6
10/1/2022,1-Oct-22,131,251,558,325.45
10/2/2022,2-Oct-22,182,489,893,160.9
10/3/2022,3-Oct-22,217,419,939,232.46
10/4/2022,4-Oct-22,199,386,996,229.2
10/5/2022,5-Oct-22,240,471,1044,277.85
10/6/2022,6-Oct-22,233,457,1165,423.4
10/7/2022,7-Oct-22,185,356,619,143.67
10/8/2022,8-Oct-22,238,514,883,56.33
10/9/2022,9-Oct-22,141,268,499,126.23
10/10/2022,10-Oct-22,174,312,730,132.36
10/11/2022,11-Oct-22,206,377,830,229.25
10/12/2022,12-Oct-22,285,544,1167,260.12
10/13/2022,13-Oct-22,339,706,1469,330.71
10/14/2022,14-Oct-22,243,468,1137,183.16
10/15/2022,15-Oct-22,142,254,526,156.13
10/16/2022,16-Oct-22,176,366,700,195.94
10/17/2022,17-Oct-22,228,487,1003,215.45
10/18/2022,18-Oct-22,252,476,1467,253.68
10/19/2022,19-Oct-22,249,469,1180,284.16
10/20/2022,20-Oct-22,247,503,985,382.01
10/21/2022,21-Oct-22,310,674,1282,153.77
10/22/2022,22-Oct-22,198,392,884,195.87
10/23/2022,23-Oct-22,135,289,637,108.94
10/24/2022,24-Oct-22,212,393,883,167.39
10/25/2022,25-Oct-22,218,397,1148,323.98
10/26/2022,26-Oct-22,227,573,1204,425.05
10/27/2022,27-Oct-22,277,777,1512,278.61
10/28/2022,28-Oct-22,246,537,1049,255.72
10/29/2022,29-Oct-22,176,408,707,136.47
10/30/2022,30-Oct-22,282,652,1194,160.43
10/31/2022,31-Oct-22,316,648,1222,166.78
11/1/2022,1-Nov-22,241,416,1016,282.56
11/2/2022,2-Nov-22,228,446,965,170.22
11/3/2022,3-Nov-22,199,427,1068,261.48
11/4/2022,4-Nov-22,202,392,1123,275.3
11/5/2022,5-Nov-22,127,232,498,50.72
11/6/2022,6-Nov-22,137,288,677,124.41
11/7/2022,7-Nov-22,199,332,906,216.38
11/8/2022,8-Nov-22,208,340,779,210.75
11/9/2022,9-Nov-22,180,319,807,207.41
11/10/2022,10-Nov-22,183,315,809,169.46
11/11/2022,11-Nov-22,186,322,759,120.02
11/12/2022,12-Nov-22,143,278,570,150.83
11/13/2022,13-Nov-22,162,334,700,241.34
11/14/2022,14-Nov-22,251,501,1128,309.22
11/15/2022,15-Nov-22,198,382,825,275.53
11/16/2022,16-Nov-22,206,379,771,226.41
11/17/2022,17-Nov-22,197,369,725,249.87
11/18/2022,18-Nov-22,214,415,852,234.42
11/19/2022,19-Nov-22,150,270,493,103.36
11/20/2022,20-Nov-22,149,320,586,60.64
11/21/2022,21-Nov-22,154,268,489,219.73
11/22/2022,22-Nov-22,173,302,693,262.5
11/23/2022,23-Nov-22,173,330,706,1.78
11/24/2022,24-Nov-22,203,378,832,156.62
11/25/2022,25-Nov-22,268,557,1362,254.64
11/26/2022,26-Nov-22,130,212,483,51.98
11/27/2022,27-Nov-22,158,285,654,143.5
11/28/2022,28-Nov-22,207,378,895,218.29
11/29/2022,29-Nov-22,246,526,1254,187.86
11/30/2022,30-Nov-22,217,450,847,127.33
12/1/2022,1-Dec-22,184,341,614,62.98
12/2/2022,2-Dec-22,176,290,768,282.35
12/3/2022,3-Dec-22,118,205,364,70.85
12/4/2022,4-Dec-22,115,215,465,100.54
12/5/2022,5-Dec-22,167,319,730,323.8
12/6/2022,6-Dec-22,207,394,916,162.02
12/7/2022,7-Dec-22,167,311,632,97.47
12/8/2022,8-Dec-22,152,311,606,29.61
12/9/2022,9-Dec-22,133,220,443,47
12/10/2022,10-Dec-22,126,223,379,40.24
12/11/2022,11-Dec-22,212,432,1050,103.61
12/12/2022,12-Dec-22,198,409,916,237.11
12/13/2022,13-Dec-22,194,356,817,169.92
12/14/2022,14-Dec-22,208,435,963,109
12/15/2022,15-Dec-22,268,554,1057,195.18
12/16/2022,16-Dec-22,216,389,835,177.4
12/17/2022,17-Dec-22,158,273,536,21.59
12/18/2022,18-Dec-22,112,210,396,38.4
12/19/2022,19-Dec-22,186,483,864,107.35
12/20/2022,20-Dec-22,170,297,633,95.09
12/21/2022,21-Dec-22,173,319,614,88.98
12/22/2022,22-Dec-22,180,330,646,111.97
12/23/2022,23-Dec-22,199,387,770,65.83
12/24/2022,24-Dec-22,156,338,606,44.1
12/25/2022,25-Dec-22,194,385,816,63.98
12/26/2022,26-Dec-22,233,451,892,55.72
12/27/2022,27-Dec-22,242,471,906,55.26
12/28/2022,28-Dec-22,286,634,1096,150.51
12/29/2022,29-Dec-22,296,631,1199,136.4
12/30/2022,30-Dec-22,322,710,1353,95.81
12/31/2022,31-Dec-22,248,615,1076,211.15
1/1/2023,1-Jan-23,193,383,629,67.01
1/2/2023,2-Jan-23,242,486,996,310.25
1/3/2023,3-Jan-23,219,409,812,129.28
1/4/2023,4-Jan-23,192,351,671,165.31
1/5/2023,5-Jan-23,188,351,749,101.74
1/6/2023,6-Jan-23,198,387,843,178.42
1/7/2023,7-Jan-23,167,327,614,69.89
1/8/2023,8-Jan-23,194,447,768,116.86
1/9/2023,9-Jan-23,213,429,933,239.34
1/10/2023,10-Jan-23,264,476,1068,151.68
1/11/2023,11-Jan-23,214,432,898,133.96
1/12/2023,12-Jan-23,222,411,807,198.41
1/13/2023,13-Jan-23,202,379,828,98.9
1/14/2023,14-Jan-23,183,382,719,141.58
1/15/2023,15-Jan-23,169,375,619,87.65
1/16/2023,16-Jan-23,220,409,897,152.27
1/17/2023,17-Jan-23,294,567,1283,133.17
1/18/2023,18-Jan-23,223,429,843,243.41
1/19/2023,19-Jan-23,206,395,940,229.4
1/20/2023,20-Jan-23,206,348,777,131.38
1/21/2023,21-Jan-23,163,356,690,64.11
1/22/2023,22-Jan-23,188,413,718,75.71
1/23/2023,23-Jan-23,240,523,1037,123.3
1/24/2023,24-Jan-23,269,521,1001,209.2
1/25/2023,25-Jan-23,247,477,908,102.51
1/26/2023,26-Jan-23,231,443,798,93.49
1/27/2023,27-Jan-23,235,420,975,163.38
1/28/2023,28-Jan-23,156,307,571,22.36
1/29/2023,29-Jan-23,168,309,630,111.47
1/30/2023,30-Jan-23,206,373,945,356.62
1/31/2023,31-Jan-23,200,335,749,70.21
2/1/2023,1-Feb-23,186,317,796,81.09
2/2/2023,2-Feb-23,164,259,548,142.55
2/3/2023,3-Feb-23,202,367,775,67.47
2/4/2023,4-Feb-23,116,216,380,42.68
2/5/2023,5-Feb-23,135,230,415,57.52
2/6/2023,6-Feb-23,229,503,944,239.79
2/7/2023,7-Feb-23,208,353,754,72.32
2/8/2023,8-Feb-23,193,351,631,120.17
2/9/2023,9-Feb-23,182,329,738,185.7
2/10/2023,10-Feb-23,237,505,948,140.39
2/11/2023,11-Feb-23,150,331,536,16.04
2/12/2023,12-Feb-23,240,744,1194,120.65
2/13/2023,13-Feb-23,238,495,830,115.39
2/14/2023,14-Feb-23,244,453,956,106.05
2/15/2023,15-Feb-23,366,849,1453,138.24
2/16/2023,16-Feb-23,397,808,1324,101.52
2/17/2023,17-Feb-23,294,560,1225,120.88
2/18/2023,18-Feb-23,169,332,613,195.77
2/19/2023,19-Feb-23,207,438,746,174.06
2/20/2023,20-Feb-23,208,431,767,42.17
2/21/2023,21-Feb-23,211,419,874,153.46
2/22/2023,22-Feb-23,240,445,988,239.49
2/23/2023,23-Feb-23,227,459,831,206.48
2/24/2023,24-Feb-23,252,444,1025,167.97
2/25/2023,25-Feb-23,198,373,740,110.19
2/26/2023,26-Feb-23,191,358,658,32.32
2/27/2023,27-Feb-23,225,393,873,288.34
2/28/2023,28-Feb-23,211,371,728,243
3/1/2023,1-Mar-23,190,348,733,90.1
3/2/2023,2-Mar-23,229,440,965,153.62
3/3/2023,3-Mar-23,247,443,915,161.21
3/4/2023,4-Mar-23,291,683,1195,80.81
3/5/2023,5-Mar-23,202,391,668,60.01
3/6/2023,6-Mar-23,256,533,921,77.54
3/7/2023,7-Mar-23,225,456,904,67.49
3/8/2023,8-Mar-23,212,406,847,79.18
3/9/2023,9-Mar-23,203,381,676,74.52
3/10/2023,10-Mar-23,235,539,989,126.1
3/11/2023,11-Mar-23,204,399,718,89.35
3/12/2023,12-Mar-23,224,440,904,161.19
3/13/2023,13-Mar-23,210,368,838,317.96
3/14/2023,14-Mar-23,209,399,815,230.17
3/15/2023,15-Mar-23,180,362,742,193.3
3/16/2023,16-Mar-23,181,370,663,137.1
3/17/2023,17-Mar-23,211,395,886,106.14
3/18/2023,18-Mar-23,212,456,804,124.57
3/19/2023,19-Mar-23,166,371,754,60.49
3/20/2023,20-Mar-23,190,407,958,164.73
3/21/2023,21-Mar-23,237,408,948,169.02
3/22/2023,22-Mar-23,201,362,760,246.31
3/23/2023,23-Mar-23,207,387,696,259.32
3/24/2023,24-Mar-23,247,476,1045,63.14
3/25/2023,25-Mar-23,203,391,766,188.21
3/26/2023,26-Mar-23,239,475,899,119.97
3/27/2023,27-Mar-23,239,437,1078,320.04
3/28/2023,28-Mar-23,277,559,1201,180.43
3/29/2023,29-Mar-23,297,633,1423,355.33
3/30/2023,30-Mar-23,398,849,1617,140.11
3/31/2023,31-Mar-23,326,632,1095,78.4
4/1/2023,1-Apr-23,214,389,615,202.5
4/2/2023,2-Apr-23,267,494,822,159.03
4/3/2023,3-Apr-23,240,419,728,182.44
4/4/2023,4-Apr-23,229,413,1070,298.48
4/5/2023,5-Apr-23,172,286,589,188.43
4/6/2023,6-Apr-23,201,356,694,65.04
4/7/2023,7-Apr-23,188,322,587,84.44
4/8/2023,8-Apr-23,178,298,541,78.62
4/9/2023,9-Apr-23,204,393,747,116.87
4/10/2023,10-Apr-23,228,384,774,107.8
4/11/2023,11-Apr-23,230,404,783,163.03
4/12/2023,12-Apr-23,230,424,710,164.73
4/13/2023,13-Apr-23,232,413,887,123.48
4/14/2023,14-Apr-23,215,382,768,111.29
4/15/2023,15-Apr-23,164,341,597,144.97
4/16/2023,16-Apr-23,152,268,601,141.37
4/17/2023,17-Apr-23,200,376,808,248.51
4/18/2023,18-Apr-23,274,512,1232,200.1
4/19/2023,19-Apr-23,256,495,905,171.9
4/20/2023,20-Apr-23,178,309,610,146.63
4/21/2023,21-Apr-23,178,329,665,131.73
4/22/2023,22-Apr-23,151,296,735,185.64
4/23/2023,23-Apr-23,148,255,479,166.32
4/24/2023,24-Apr-23,183,307,694,172.28
4/25/2023,25-Apr-23,194,300,691,106.92
4/26/2023,26-Apr-23,154,289,595,265.88
4/27/2023,27-Apr-23,147,277,639,168.51
4/28/2023,28-Apr-23,232,450,1133,167.29
4/29/2023,29-Apr-23,212,424,890,156.25
4/30/2023,30-Apr-23,227,469,984,81.52
5/1/2023,1-May-23,191,377,666,121.98
5/2/2023,2-May-23,214,381,762,241.44
5/3/2023,3-May-23,153,296,605,192.54
5/4/2023,4-May-23,236,409,845,93.7
5/5/2023,5-May-23,219,363,674,106.28
5/6/2023,6-May-23,165,293,668,76.25
5/7/2023,7-May-23,234,496,820,131.77
5/8/2023,8-May-23,179,367,688,346.68
5/9/2023,9-May-23,176,323,579,57.55
5/10/2023,10-May-23,191,364,609,164.57
5/11/2023,11-May-23,220,436,793,95.97
5/12/2023,12-May-23,228,399,757,178.32
5/13/2023,13-May-23,225,450,787,209.16
5/14/2023,14-May-23,172,320,639,193.63
5/15/2023,15-May-23,200,376,721,165.79
5/16/2023,16-May-23,247,440,900,182.68
5/17/2023,17-May-23,246,459,744,193.25
5/18/2023,18-May-23,249,445,887,183.89
5/19/2023,19-May-23,211,423,661,181.38
5/20/2023,20-May-23,188,347,696,101.54
5/21/2023,21-May-23,205,410,707,250.51
5/22/2023,22-May-23,294,568,942,192.77
5/23/2023,23-May-23,231,382,709,129.26
5/24/2023,24-May-23,187,337,633,261.38
5/25/2023,25-May-23,164,278,494,78.05
5/26/2023,26-May-23,212,412,989,196.96
5/27/2023,27-May-23,203,399,757,128.98
5/28/2023,28-May-23,177,299,514,112.38
5/29/2023,29-May-23,183,322,591,149.13
5/30/2023,30-May-23,183,289,561,133.21
5/31/2023,31-May-23,208,379,641,164.75
6/1/2023,1-Jun-23,203,357,747,224.2
6/2/2023,2-Jun-23,213,352,714,155.4
6/3/2023,3-Jun-23,172,265,432,101.81
6/4/2023,4-Jun-23,178,318,582,85.98
6/5/2023,5-Jun-23,207,383,847,319.33
6/6/2023,6-Jun-23,257,465,830,145.77
6/7/2023,7-Jun-23,211,408,705,178.28
6/8/2023,8-Jun-23,249,545,964,274.62
6/9/2023,9-Jun-23,393,832,1471,97.74
6/10/2023,10-Jun-23,282,516,868,165.37
6/11/2023,11-Jun-23,189,348,576,207.63
6/12/2023,12-Jun-23,225,442,750,113.39
6/13/2023,13-Jun-23,208,344,676,150.36
6/14/2023,14-Jun-23,186,336,765,250.79
6/15/2023,15-Jun-23,189,361,688,49.68
6/16/2023,16-Jun-23,191,373,844,195.13
6/17/2023,17-Jun-23,167,285,649,197.1
6/18/2023,18-Jun-23,129,266,459,82.95
6/19/2023,19-Jun-23,179,315,653,109.13
6/20/2023,20-Jun-23,197,342,727,92.73
6/21/2023,21-Jun-23,180,311,708,195.69
6/22/2023,22-Jun-23,189,346,810,149.08
6/23/2023,23-Jun-23,256,488,879,103.49
6/24/2023,24-Jun-23,149,251,551,173.82
6/25/2023,25-Jun-23,152,286,530,108.52
6/26/2023,26-Jun-23,239,438,1049,1.3
6/27/2023,27-Jun-23,244,439,809,211.28
6/28/2023,28-Jun-23,222,372,867,211.85
6/29/2023,29-Jun-23,188,338,581,158.21
6/30/2023,30-Jun-23,234,444,823,215.7
7/1/2023,1-Jul-23,202,473,762,120.14
7/2/2023,2-Jul-23,273,565,1133,134.36
7/3/2023,3-Jul-23,398,853,1554,186.15
7/4/2023,4-Jul-23,339,600,1254,369.52
7/5/2023,5-Jul-23,271,478,864,241.07
7/6/2023,6-Jul-23,250,444,1068,279.84
7/7/2023,7-Jul-23,260,440,870,197.62
7/8/2023,8-Jul-23,165,277,554,124.32
7/9/2023,9-Jul-23,244,450,782,107.81
7/10/2023,10-Jul-23,289,548,983,95.98
7/11/2023,11-Jul-23,404,780,1807,348.17
7/12/2023,12-Jul-23,323,712,1686,290.49
7/13/2023,13-Jul-23,233,442,909,82.82
7/14/2023,14-Jul-23,210,356,703,90.16
7/15/2023,15-Jul-23,212,378,827,44.91
7/16/2023,16-Jul-23,170,268,466,19.85
7/17/2023,17-Jul-23,193,335,775,176.65
7/18/2023,18-Jul-23,224,365,780,141.18
7/19/2023,19-Jul-23,262,467,897,90.56
7/20/2023,20-Jul-23,307,551,1067,81.22
7/21/2023,21-Jul-23,343,591,1269,217.04
7/22/2023,22-Jul-23,270,637,1137,76.07
7/23/2023,23-Jul-23,193,354,680,84.87
7/24/2023,24-Jul-23,292,495,1095,298.28
7/25/2023,25-Jul-23,215,340,777,163.02
7/26/2023,26-Jul-23,272,510,1317,214.32
7/27/2023,27-Jul-23,211,363,650,155.13
7/28/2023,28-Jul-23,280,492,992,196.58
7/29/2023,29-Jul-23,306,587,1050,88.4
7/30/2023,30-Jul-23,477,967,1854,184.44
7/31/2023,31-Jul-23,319,570,1119,184.47 M
8/1/2023,1-Aug-23,326,563,1141,196.99
8/2/2023,2-Aug-23,351,676,1182,164.88
8/3/2023,3-Aug-23,355,646,1239,183.52
8/4/2023,4-Aug-23,245,401,818,112.2
8/5/2023,5-Aug-23,216,369,793,124.35
8/6/2023,6-Aug-23,222,387,685,167.76
8/7/2023,7-Aug-23,384,714,1628,184.71
8/8/2023,8-Aug-23,267,387,899,123.96
8/9/2023,9-Aug-23,254,379,919,156.8
8/10/2023,10-Aug-23,266,655,1145,293.17
8/11/2023,11-Aug-23,343,586,1194,191.87
8/12/2023,12-Aug-23,303,466,863,120.3
8/13/2023,13-Aug-23,260,398,716,93.03
8/14/2023,14-Aug-23,473,773,1472,277.08
8/15/2023,15-Aug-23,334,488,1138,203.35
8/16/2023,16-Aug-23,276,417,797,206.4
8/17/2023,17-Aug-23,372,555,1211,218.35
8/18/2023,18-Aug-23,345,515,1036,316.27
8/19/2023,19-Aug-23,381,615,1198,74.99
8/20/2023,20-Aug-23,239,312,665,211.71
8/21/2023,21-Aug-23,261,389,831,176.84
8/22/2023,22-Aug-23,287,407,843,334.03
8/23/2023,23-Aug-23,232,371,817,123.19
8/24/2023,24-Aug-23,221,315,813,164.26
8/25/2023,25-Aug-23,221,353,881,530.71
8/26/2023,26-Aug-23,178,311,531,78.4
8/27/2023,27-Aug-23,228,341,622,69.58
8/28/2023,28-Aug-23,290,464,933,309.05
8/29/2023,29-Aug-23,333,564,1089,345.01
8/30/2023,30-Aug-23,273,414,1029,211.28
8/31/2023,31-Aug-23,326,532,1019,190.92
9/1/2023,1-Sep-23,332,554,1245,195.33
9/2/2023,2-Sep-23,385,573,1132,97.4
9/3/2023,3-Sep-23,370,649,1256,222.18
9/4/2023,4-Sep-23,272,410,905,203.95
9/5/2023,5-Sep-23,289,435,958,204.49
9/6/2023,6-Sep-23,274,442,1052,240.58
9/7/2023,7-Sep-23,292,539,942,233.15
9/8/2023,8-Sep-23,364,614,1174,178.98
9/9/2023,9-Sep-23,246,370,677,217.37
9/10/2023,10-Sep-23,221,336,630,79.89
9/11/2023,11-Sep-23,284,456,1273,549.97
9/12/2023,12-Sep-23,273,385,937,242.94
9/13/2023,13-Sep-23,286,409,930,482.37
9/14/2023,14-Sep-23,406,665,1246,308.23
9/15/2023,15-Sep-23,765,1324,2684,297.98
9/16/2023,16-Sep-23,532,897,1636,102.2
9/17/2023,17-Sep-23,472,772,1429,338.17
9/18/2023,18-Sep-23,366,548,1070,130.72
9/19/2023,19-Sep-23,327,457,940,309.28
9/20/2023,20-Sep-23,261,345,664,237.48
9/21/2023,21-Sep-23,269,404,787,158.13
9/22/2023,22-Sep-23,416,658,1296,188.8
9/23/2023,23-Sep-23,259,349,608,123.01
9/24/2023,24-Sep-23,249,389,683,110.84
9/25/2023,25-Sep-23,287,429,787,100.77
9/26/2023,26-Sep-23,323,483,1036,350.71
9/27/2023,27-Sep-23,251,356,847,294.51
9/28/2023,28-Sep-23,259,366,796,193.11
9/29/2023,29-Sep-23,264,413,888,225.94
9/30/2023,30-Sep-23,207,292,587,119.93
10/1/2023,1-Oct-23,181,251,535,145.54
10/2/2023,2-Oct-23,240,348,816,575.54
10/3/2023,3-Oct-23,237,339,853,539.46
10/4/2023,4-Oct-23,220,316,650,136.69
10/5/2023,5-Oct-23,245,336,690,144.75
10/6/2023,6-Oct-23,297,432,914,237.18
10/7/2023,7-Oct-23,238,383,656,63.12
10/8/2023,8-Oct-23,337,550,1059,184.8
10/9/2023,9-Oct-23,424,694,1334,402.38
10/10/2023,10-Oct-23,552,994,1906,187.98
10/11/2023,11-Oct-23,777,1353,2533,381.99
10/12/2023,12-Oct-23,395,542,994,261.2
10/13/2023,13-Oct-23,218,321,580,105.43
10/14/2023,14-Oct-23,217,303,554,69.51
10/15/2023,15-Oct-23,180,248,487,99.55
10/16/2023,16-Oct-23,227,326,746,132.74
10/17/2023,17-Oct-23,398,617,1337,255.28
10/18/2023,18-Oct-23,236,358,886,365.92
10/19/2023,19-Oct-23,242,349,732,279.97
10/20/2023,20-Oct-23,250,324,646,253.77
10/21/2023,21-Oct-23,166,214,422,69.83
10/22/2023,22-Oct-23,173,224,572,264.94
10/23/2023,23-Oct-23,229,331,806,307.76
10/24/2023,24-Oct-23,275,461,1224,326.15
10/25/2023,25-Oct-23,199,300,874,268.6
10/26/2023,26-Oct-23,218,306,757,208.6
10/27/2023,27-Oct-23,311,448,1005,248.17
10/28/2023,28-Oct-23,236,370,798,192.24
10/29/2023,29-Oct-23,363,561,1257,210.33
10/30/2023,30-Oct-23,717,1139,2624,318.95
10/31/2023,31-Oct-23,1048,1756,3731,283.43
11/1/2023,1-Nov-23,833,1257,2809,678.25
11/2/2023,2-Nov-23,800,1234,2979,432.8
11/3/2023,3-Nov-23,562,866,2153,171.81
11/4/2023,4-Nov-23,315,494,1191,111.72
11/5/2023,5-Nov-23,318,531,1324,179.41
11/6/2023,6-Nov-23,466,728,1780,345.4
11/7/2023,7-Nov-23,458,715,2013,337.1
11/8/2023,8-Nov-23,391,583,1431,448.6
11/9/2023,9-Nov-23,421,673,1749,322.81
11/10/2023,10-Nov-23,567,874,1938,211.53
11/11/2023,11-Nov-23,474,862,1687,111.52
11/12/2023,12-Nov-23,634,1090,2183,113.75
11/13/2023,13-Nov-23,838,1399,2827,377.55
11/14/2023,14-Nov-23,477,734,1719,341.62
11/15/2023,15-Nov-23,439,671,1702,319.79
11/16/2023,16-Nov-23,428,640,1539,284.18
11/17/2023,17-Nov-23,432,641,1410,155.29
11/18/2023,18-Nov-23,297,501,1033,162.61
11/19/2023,19-Nov-23,254,384,858,194.82
11/20/2023,20-Nov-23,334,525,1118,285.4
11/21/2023,21-Nov-23,445,665,1668,881.37
11/22/2023,22-Nov-23,441,647,1855,277.07
11/23/2023,23-Nov-23,365,538,1266,138.98
11/24/2023,24-Nov-23,390,552,1278,286.89
11/25/2023,25-Nov-23,230,375,1011,169.22
11/26/2023,26-Nov-23,242,366,825,149.19
11/27/2023,27-Nov-23,388,562,1480,280.16
11/28/2023,28-Nov-23,374,558,1347,241.05
11/29/2023,29-Nov-23,424,708,1339,298.13
11/30/2023,30-Nov-23,442,626,1430,153.05
12/1/2023,1-Dec-23,474,713,1519,126.25
12/2/2023,2-Dec-23,472,696,1281,90.93
12/3/2023,3-Dec-23,594,950,1990,207.64
12/4/2023,4-Dec-23,428,695,1615,235.82
12/5/2023,5-Dec-23,448,823,1739,503.99
12/6/2023,6-Dec-23,329,482,1174,218.46
12/7/2023,7-Dec-23,353,495,1117,233.86
12/8/2023,8-Dec-23,334,494,1141,86.44
12/9/2023,9-Dec-23,244,364,792,81.66
12/10/2023,10-Dec-23,245,375,848,131.47
12/11/2023,11-Dec-23,292,403,950,386.37
12/12/2023,12-Dec-23,317,502,1137,458.99
12/13/2023,13-Dec-23,267,385,959,192.59
12/14/2023,14-Dec-23,250,357,855,144.14
12/15/2023,15-Dec-23,381,554,1135,200.93
12/16/2023,16-Dec-23,282,402,842,93.4
12/17/2023,17-Dec-23,269,367,800,73.25
12/18/2023,18-Dec-23,1155,1883,3960,307.69
12/19/2023,19-Dec-23,829,1213,2359,205.84
12/20/2023,20-Dec-23,341,437,942,123.17
12/21/2023,21-Dec-23,245,327,590,55.72
12/22/2023,22-Dec-23,269,385,728,31.86
12/23/2023,23-Dec-23,249,352,859,94.99
12/24/2023,24-Dec-23,241,322,623,58.08
12/25/2023,25-Dec-23,340,454,921,93.33
12/26/2023,26-Dec-23,490,750,1536,147.85
12/27/2023,27-Dec-23,395,577,1100,88.99
12/28/2023,28-Dec-23,513,722,1300,121.48
12/29/2023,29-Dec-23,766,1173,2106,130.75
12/30/2023,30-Dec-23,366,512,799,97.83
12/31/2023,31-Dec-23,190,231,419,91.94
1/1/2024,1-Jan-24,206,289,512,72.34
1/2/2024,2-Jan-24,318,411,806,55.95
1/3/2024,3-Jan-24,280,374,896,59.46
1/4/2024,4-Jan-24,289,530,1089,62.45
1/5/2024,5-Jan-24,351,518,945,102.24
1/6/2024,6-Jan-24,282,391,755,217.26
1/7/2024,7-Jan-24,251,348,672,119.02
1/8/2024,8-Jan-24,293,441,833,187.01
1/9/2024,9-Jan-24,407,617,1325,225.3
1/10/2024,10-Jan-24,463,722,1333,161.28
1/11/2024,11-Jan-24,540,853,1464,174.46
1/12/2024,12-Jan-24,478,812,1450,114.52
1/13/2024,13-Jan-24,280,430,737,33.96
1/14/2024,14-Jan-24,396,597,1137,187.39
1/15/2024,15-Jan-24,422,630,1101,140.79
1/16/2024,16-Jan-24,405,607,1149,217.19
1/17/2024,17-Jan-24,369,529,929,194.21
1/18/2024,18-Jan-24,480,729,1436,102.86
1/19/2024,19-Jan-24,556,873,1674,211.96
1/20/2024,20-Jan-24,371,523,852,134.27
1/21/2024,21-Jan-24,259,382,663,53.26
1/22/2024,22-Jan-24,292,404,843,105.11
1/23/2024,23-Jan-24,300,444,850,100.87
1/24/2024,24-Jan-24,274,402,703,114.51
1/25/2024,25-Jan-24,296,407,838,54.93
1/26/2024,26-Jan-24,419,617,1090,33.93
1/27/2024,27-Jan-24,338,511,875,79.35
1/28/2024,28-Jan-24,332,547,907,55.04
1/29/2024,29-Jan-24,322,442,945,210.46
1/30/2024,30-Jan-24,304,488,1048,237.19
1/31/2024,31-Jan-24,301,455,901,217.77
2/1/2024,1-Feb-24,340,523,1166,192.55
2/2/2024,2-Feb-24,423,658,1166,88.12
2/3/2024,3-Feb-24,498,832,1423,77.36
2/4/2024,4-Feb-24,782,1381,2314,86.81
2/5/2024,5-Feb-24,425,649,1192,216.42
2/6/2024,6-Feb-24,464,704,1348,181.51
2/7/2024,7-Feb-24,371,604,1047,120.81
2/8/2024,8-Feb-24,412,622,1275,146.72
2/9/2024,9-Feb-24,431,671,1341,84.93
2/10/2024,10-Feb-24,431,632,1289,141.99
2/11/2024,11-Feb-24,539,868,1573,162.28
2/12/2024,12-Feb-24,792,1380,2363,137.46
2/13/2024,13-Feb-24,875,1435,2478,256.04
2/14/2024,14-Feb-24,450,630,1124,186.24
2/15/2024,15-Feb-24,367,535,913,96.83
2/16/2024,16-Feb-24,427,598,1138,158.52
2/17/2024,17-Feb-24,290,424,808,147.7
2/18/2024,18-Feb-24,297,437,724,98.95
2/19/2024,19-Feb-24,286,401,947,183.43
2/20/2024,20-Feb-24,384,535,1158,145.3
2/21/2024,21-Feb-24,407,673,1344,173.37
2/22/2024,22-Feb-24,585,914,1998,221.04
2/23/2024,23-Feb-24,762,1223,2270,142.82
2/24/2024,24-Feb-24,723,1246,2136,256.6
2/25/2024,25-Feb-24,432,608,1013,195.2
2/26/2024,26-Feb-24,370,556,1125,293.46
2/27/2024,27-Feb-24,401,605,1121,131.38
2/28/2024,28-Feb-24,336,470,1005,109.64
2/29/2024,29-Feb-24,423,607,1229,247.82
3/1/2024,1-Mar-24,389,571,999,74.1
3/2/2024,2-Mar-24,476,789,1425,60.81
3/3/2024,3-Mar-24,573,975,1572,103.53
3/4/2024,4-Mar-24,489,700,1546,203.27
3/5/2024,5-Mar-24,487,685,1240,105.08
3/6/2024,6-Mar-24,313,417,781,215.12
3/7/2024,7-Mar-24,436,639,1175,116.78
3/8/2024,8-Mar-24,383,535,996,143.75
3/9/2024,9-Mar-24,375,543,1178,136.65
3/10/2024,10-Mar-24,338,485,856,85.19
3/11/2024,11-Mar-24,355,506,952,283.12
3/12/2024,12-Mar-24,414,579,1164,148.74
3/13/2024,13-Mar-24,369,509,1026,181.05
3/14/2024,14-Mar-24,376,522,947,204.49
3/15/2024,15-Mar-24,367,543,1155,188.11
3/16/2024,16-Mar-24,305,450,881,113.69
3/17/2024,17-Mar-24,457,726,1399,169.65
3/18/2024,18-Mar-24,0,0,0,0
3/19/2024,19-Mar-24,369,557,1212,142.41
3/20/2024,20-Mar-24,699,1094,2259,365.51
3/21/2024,21-Mar-24,933,1589,2959,277.35
3/22/2024,22-Mar-24,427,607,1066,176.01
3/23/2024,23-Mar-24,319,468,734,157.1
3/24/2024,24-Mar-24,380,583,1080,157.36
3/25/2024,25-Mar-24,375,524,972,288.03
3/26/2024,26-Mar-24,403,717,1235,189.44
3/27/2024,27-Mar-24,491,750,1351,276.54
3/28/2024,28-Mar-24,366,585,1069,149.15
3/29/2024,29-Mar-24,542,937,1537,244.11
3/30/2024,30-Mar-24,620,1275,2050,212.32
3/31/2024,31-Mar-24,698,1356,2372,209.46
4/1/2024,1-Apr-24,417,717,1366,207.88
4/2/2024,2-Apr-24,355,679,1156,160.22
4/3/2024,3-Apr-24,499,922,1615,325.89
4/4/2024,4-Apr-24,415,623,1155,142.81
4/5/2024,5-Apr-24,401,614,1198,258.3
4/6/2024,6-Apr-24,320,486,963,192.12
4/7/2024,7-Apr-24,346,560,1098,240.21
4/8/2024,8-Apr-24,478,749,1636,150.66
4/9/2024,9-Apr-24,695,1122,2084,402.27
4/10/2024,10-Apr-24,708,1202,2048,249.37
4/11/2024,11-Apr-24,729,1166,2076,225.16
4/12/2024,12-Apr-24,620,1103,1883,129.65
4/13/2024,13-Apr-24,597,978,1567,102.18
4/14/2024,14-Apr-24,573,890,1501,134.02
4/15/2024,15-Apr-24,614,949,1722,243.25
4/16/2024,16-Apr-24,720,1195,2121,489.69
4/17/2024,17-Apr-24,585,965,1781,204.37
4/18/2024,18-Apr-24,685,1251,2182,284.14
4/19/2024,19-Apr-24,642,1059,1718,234.7
4/20/2024,20-Apr-24,434,685,1248,116.4
4/21/2024,21-Apr-24,577,969,1776,140.7
4/22/2024,22-Apr-24,605,951,1877,466.57
4/23/2024,23-Apr-24,410,579,1018,265.1
4/24/2024,24-Apr-24,359,521,1018,443.26
4/25/2024,25-Apr-24,343,498,1097,248.22
4/26/2024,26-Apr-24,361,553,1119,198.33
4/27/2024,27-Apr-24,248,378,717,117.7
4/28/2024,28-Apr-24,280,429,777,168.82
4/29/2024,29-Apr-24,26,33,48,39.98
4/30/2024,30-Apr-24,0,0,0,0
5/1/2024,1-May-24,405,594,1032,130.88 MB
5/2/2024,2-May-24,529,798,1632,244.04 MB
5/3/2024,3-May-24,394,542,1009,124.96 MB
5/4/2024,4-May-24,296,446,838,244.86 MB
5/5/2024,5-May-24,360,509,1172,259.70 MB
5/6/2024,6-May-24,389,541,1317,438.33 MB
5/7/2024,7-May-24,375,539,1398,427.80 MB
5/8/2024,8-May-24,426,607,1553,242.35 MB
5/9/2024,9-May-24,340,490,1186,485.58 MB
5/10/2024,10-May-24,418,581,1110,235.66 MB
5/11/2024,11-May-24,338,461,976,190.21 MB
5/12/2024,12-May-24,435,602,1410,257.88 MB
5/13/2024,13-May-24,501,697,1531,576.91 MB
5/14/2024,14-May-24,423,592,1216,375.58 MB
5/15/2024,15-May-24,326,450,993,171.41 MB
5/16/2024,16-May-24,281,360,755,165.18 MB
5/17/2024,17-May-24,351,474,1091,135.90 MB
5/18/2024,18-May-24,243,308,652,262.52 MB
5/19/2024,19-May-24,245,340,621,282.70 MB
5/20/2024,20-May-24,410,613,1367,174.06 MB
5/21/2024,21-May-24,626,944,1874,332.19 MB
5/22/2024,22-May-24,548,768,1545,297.67 MB
5/23/2024,23-May-24,659,996,1878,155.68 MB
5/24/2024,24-May-24,594,877,1594,213.42 MB
5/25/2024,25-May-24,253,337,701,234.75 MB
5/26/2024,26-May-24,266,384,769,76.24 MB
5/27/2024,27-May-24,282,412,1030,176.84 MB
5/28/2024,28-May-24,293,439,863,220.09 MB
5/29/2024,29-May-24,345,483,970,217.52 MB
5/30/2024,30-May-24,410,595,1115,376.87 MB
5/31/2024,31-May-24,309,420,704,112.23 MB
6/1/2024,1-Jun-24,296,436,750,105.01 MB
6/2/2024,2-Jun-24,326,459,828,163.92 MB
6/3/2024,3-Jun-24,435,573,1064,268.23 MB
6/4/2024,4-Jun-24,321,439,897,196.71 MB
6/5/2024,5-Jun-24,330,468,883,331.15 MB
6/6/2024,6-Jun-24,306,409,795,471.28 MB
6/7/2024,7-Jun-24,271,372,657,200.54 MB
6/8/2024,8-Jun-24,290,388,803,133.21 MB
6/9/2024,9-Jun-24,350,518,1145,157.00 MB
6/10/2024,10-Jun-24,283,386,754,202.54 MB
6/11/2024,11-Jun-24,329,445,979,456.24 MB
6/12/2024,12-Jun-24,370,526,1039,328.99 MB
6/13/2024,13-Jun-24,405,573,1105,299.37 MB
6/14/2024,14-Jun-24,332,490,1010,167.67 MB
6/15/2024,15-Jun-24,267,399,806,117.42 MB
6/16/2024,16-Jun-24,236,324,580,74.80 MB
6/17/2024,17-Jun-24,290,398,697,147.13 MB
6/18/2024,18-Jun-24,365,517,948,318.90 MB
6/19/2024,19-Jun-24,323,440,868,176.93 MB
6/20/2024,20-Jun-24,365,526,863,136.05 MB
6/21/2024,21-Jun-24,320,450,793,161.59 MB
6/22/2024,22-Jun-24,373,577,1153,134.78 MB
6/23/2024,23-Jun-24,320,406,858,212.70 MB
6/24/2024,24-Jun-24,313,436,909,312.83 MB
6/25/2024,25-Jun-24,328,451,880,135.71 MB
6/26/2024,26-Jun-24,509,832,1628,443.38 MB
6/27/2024,27-Jun-24,764,1211,2183,309.44 MB
6/28/2024,28-Jun-24,445,677,1164,142.97 MB
6/29/2024,29-Jun-24,295,415,725,79.15 MB
6/30/2024,30-Jun-24,396,584,1033,176.15 MB
7/1/2024,1-Jul-24,569,853,1623,222.64 MB
7/2/2024,2-Jul-24,417,581,1233,419.64 MB
7/3/2024,3-Jul-24,344,507,925,145.55 MB
7/4/2024,4-Jul-24,333,501,989,168.05 MB
7/5/2024,5-Jul-24,346,476,843,96.57 MB
7/6/2024,6-Jul-24,230,308,540,93.60 MB
7/7/2024,7-Jul-24,260,345,677,173.49 MB
7/8/2024,8-Jul-24,305,409,767,198.01 MB
7/9/2024,9-Jul-24,241,351,661,270.96 MB
7/10/2024,10-Jul-24,264,353,784,176.84 MB
7/11/2024,11-Jul-24,286,409,803,141.57 MB
7/12/2024,12-Jul-24,268,467,908,109.61 MB
7/13/2024,13-Jul-24,243,363,735,183.37 MB
7/14/2024,14-Jul-24,250,325,584,71.98 MB
7/15/2024,15-Jul-24,318,456,1112,131.01 MB
7/16/2024,16-Jul-24,477,739,1341,380.44 MB
7/17/2024,17-Jul-24,491,725,1275,183.62 MB
7/18/2024,18-Jul-24,491,795,1477,110.99 MB
7/19/2024,19-Jul-24,700,1086,1885,224.78 MB
7/20/2024,20-Jul-24,418,657,1088,140.89 MB
7/21/2024,21-Jul-24,350,543,891,191.88 MB
7/22/2024,22-Jul-24,406,681,1081,238.54 MB
7/23/2024,23-Jul-24,305,447,877,224.47 MB
7/24/2024,24-Jul-24,344,468,934,237.17 MB
7/25/2024,25-Jul-24,370,539,1049,98.60 MB
7/26/2024,26-Jul-24,326,431,831,146.78 MB
7/27/2024,27-Jul-24,251,386,625,75.88 MB
7/28/2024,28-Jul-24,293,379,698,83.02 MB
7/29/2024,29-Jul-24,302,423,835,230.23 MB
7/30/2024,30-Jul-24,466,754,1696,411.26 MB
7/31/2024,31-Jul-24,606,933,1590,93.15 MB
8/1/2024,01 Ago 2024,493,727,1499,262.19 MB
8/2/2024,02 Ago 2024,584,873,1483,197.88 MB
8/3/2024,03 Ago 2024,301,432,1040,80.75 MB
8/4/2024,04 Ago 2024,298,420,662,239.33 MB
8/5/2024,05 Ago 2024,387,531,1013,352.33 MB
8/6/2024,06 Ago 2024,394,548,978,218.95 MB
8/7/2024,07 Ago 2024,619,963,1643,252.41 MB
8/8/2024,08 Ago 2024,526,794,1335,463.99 MB
8/9/2024,09 Ago 2024,398,570,926,392.48 MB
8/10/2024,10 Ago 2024,524,842,1360,142.78 MB
8/11/2024,11 Ago 2024,632,1142,1804,302.02 MB
8/12/2024,12 Ago 2024,580,850,1315,387.75 MB
8/13/2024,13 Ago 2024,668,1055,1655,246.29 MB
8/14/2024,14 Ago 2024,501,734,1164,281.44 MB
8/15/2024,15 Ago 2024,539,806,1439,160.77 MB
8/16/2024,16 Ago 2024,459,638,1211,167.41 MB
8/17/2024,17 Ago 2024,312,442,639,153.46 MB
8/18/2024,18 Ago 2024,388,581,1000,204.85 MB
8/19/2024,19 Ago 2024,786,1206,2219,748.54 MB
8/20/2024,20 Ago 2024,764,1188,2213,440.74 MB
8/21/2024,21 Ago 2024,474,696,1324,291.31 MB
8/22/2024,22 Ago 2024,354,462,822,120.52 MB
8/23/2024,23 Ago 2024,305,401,764,180.49 MB
8/24/2024,24 Ago 2024,243,343,607,215.35 MB
8/25/2024,25 Ago 2024,303,420,838,232.11 MB
8/26/2024,26 Ago 2024,428,641,1180,200.24 MB
8/27/2024,27 Ago 2024,600,1016,1778,1.03 GB
8/28/2024,28 Ago 2024,653,1022,1879,615.55 MB
8/29/2024,29 Ago 2024,718,1074,2061,479.32 MB
8/30/2024,30 Ago 2024,792,1246,2263,211.05 MB
8/31/2024,31 Ago 2024,580,825,1313,153.06 MB
9/1/2024,1-Sep-24,369,501,848,182.51 MB
9/2/2024,2-Sep-24,442,694,1502,498.15 MB
9/3/2024,3-Sep-24,425,616,1299,416.64 MB
9/4/2024,4-Sep-24,413,598,1143,281.83 MB
9/5/2024,5-Sep-24,465,690,1193,239.15 MB
9/6/2024,6-Sep-24,749,1120,2157,343.86 MB
9/7/2024,7-Sep-24,404,593,1077,137.17 MB
9/8/2024,8-Sep-24,365,510,1161,186.38 MB
9/9/2024,9-Sep-24,399,525,981,263.83 MB
9/10/2024,10-Sep-24,408,597,1203,331.91 MB
9/11/2024,11-Sep-24,345,494,893,444.16 MB
9/12/2024,12-Sep-24,374,553,1090,275.71 MB
9/13/2024,13-Sep-24,381,535,1056,291.96 MB
9/14/2024,14-Sep-24,284,376,638,267.16 MB
9/15/2024,15-Sep-24,434,633,1188,217.00 MB
9/16/2024,16-Sep-24,524,835,1389,262.77 MB
9/17/2024,17-Sep-24,489,738,1256,233.08 MB
9/18/2024,18-Sep-24,513,838,1457,386.22 MB
9/19/2024,19-Sep-24,503,776,1390,387.30 MB
9/20/2024,20-Sep-24,506,761,1332,154.43 MB
9/21/2024,21-Sep-24,189,275,440,78.36 MB
9/22/2024,22-Sep-24,0,0,0,0
9/23/2024,23-Sep-24,0,0,0,0
9/24/2024,24-Sep-24,233,346,971,161.31 MB
9/25/2024,25-Sep-24,551,773,1924,358.28 MB
9/26/2024,26-Sep-24,492,682,1252,350.26 MB
9/27/2024,27-Sep-24,533,813,1310,157.59 MB
9/28/2024,28-Sep-24,501,767,1299,138.54 MB
9/29/2024,29-Sep-24,414,634,1044,174.20 MB
9/30/2024,30-Sep-24,470,726,1484,413.43 MB
10/1/2024,1-Oct-24,462,688,1447,567.52 MB
10/2/2024,2-Oct-24,360,480,884,325.63 MB
10/3/2024,3-Oct-24,378,514,895,183.01 MB
10/4/2024,4-Oct-24,445,644,1303,239.55 MB
10/5/2024,5-Oct-24,405,599,997,118.45 MB
10/6/2024,6-Oct-24,464,673,1219,182.35 MB
10/7/2024,7-Oct-24,441,623,1108,292.50 MB
10/8/2024,8-Oct-24,516,728,1442,310.59 MB
10/9/2024,9-Oct-24,444,643,1044,130.44 MB
10/10/2024,10-Oct-24,442,709,1272,229.06 MB
10/11/2024,11-Oct-24,483,788,1174,205.20 MB
10/12/2024,12-Oct-24,279,385,650,71.69 MB
10/13/2024,13-Oct-24,327,444,725,146.26 MB
10/14/2024,14-Oct-24,356,510,892,383.98 MB
10/15/2024,15-Oct-24,348,475,985,201.56 MB
10/16/2024,16-Oct-24,343,748,1226,177.74 MB
10/17/2024,17-Oct-24,336,479,1013,123.60 MB
10/18/2024,18-Oct-24,396,575,1028,170.94 MB
10/19/2024,19-Oct-24,313,409,822,118.68 MB
10/20/2024,20-Oct-24,357,507,833,96.05 MB
10/21/2024,21-Oct-24,492,722,1386,278.15 MB
10/22/2024,22-Oct-24,546,762,1416,230.89 MB
10/23/2024,23-Oct-24,419,591,1043,271.36 MB
10/24/2024,24-Oct-24,416,579,1106,386.52 MB
10/25/2024,25-Oct-24,434,638,1059,324.26 MB
10/26/2024,26-Oct-24,305,432,750,248.22 MB
10/27/2024,27-Oct-24,324,489,810,261.13 MB
10/28/2024,28-Oct-24,488,843,1548,381.40 MB
10/29/2024,29-Oct-24,415,605,1266,418.61 MB
10/30/2024,30-Oct-24,375,599,1170,177.55 MB
10/31/2024,31-Oct-24,364,545,1005,214.68 MB
11/1/2024,1-Nov-24,410,584,922,168.47 MB
11/2/2024,2-Nov-24,414,579,1032,98.59 MB
11/3/2024,3-Nov-24,542,921,1737,157.69 MB
11/4/2024,4-Nov-24,538,846,1436,431.51 MB
11/5/2024,5-Nov-24,585,914,1544,375.05 MB
11/6/2024,6-Nov-24,690,1086,1950,265.72 MB
11/7/2024,7-Nov-24,935,1512,2552,500.97 MB
11/8/2024,8-Nov-24,616,919,1558,188.77 MB
11/9/2024,9-Nov-24,490,757,1325,232.49 MB
11/10/2024,10-Nov-24,568,905,1493,172.45 MB
11/11/2024,11-Nov-24,519,772,1665,291.74 MB
11/12/2024,12-Nov-24,384,577,956,148.14 MB
11/13/2024,13-Nov-24,422,656,1234,277.26 MB
11/14/2024,14-Nov-24,690,1201,2013,534.50 MB
11/15/2024,15-Nov-24,893,1374,2312,298.63 MB
11/16/2024,16-Nov-24,837,1388,2188,301.93 MB
11/17/2024,17-Nov-24,1152,2244,3330,348.31 MB
11/18/2024,18-Nov-24,569,846,1365,348.55 MB
11/19/2024,19-Nov-24,463,670,1230,243.22 MB
11/20/2024,20-Nov-24,471,736,1177,282.21 MB
11/21/2024,21-Nov-24,490,768,1532,342.71 MB
11/22/2024,22-Nov-24,498,754,1217,458.48 MB
11/23/2024,23-Nov-24,441,715,1212,167.36 MB
11/24/2024,24-Nov-24,495,750,1196,120.47 MB
11/25/2024,25-Nov-24,488,700,1375,185.67 MB
11/26/2024,26-Nov-24,458,649,1051,296.56 MB
11/27/2024,27-Nov-24,411,553,999,206.52 MB
11/28/2024,28-Nov-24,380,565,973,163.69 MB
11/29/2024,29-Nov-24,415,593,924,212.38 MB
11/30/2024,30-Nov-24,333,502,793,184.36 MB
12/1/2024,01 Dic 2024,416,657,1080,191.94 MB
12/2/2024,02 Dic 2024,628,969,1603,347.15 MB
12/3/2024,03 Dic 2024,470,674,1279,217.96 MB
12/4/2024,04 Dic 2024,483,686,1190,284.55 MB
12/5/2024,05 Dic 2024,547,790,1217,375.80 MB
12/6/2024,06 Dic 2024,521,721,1100,189.46 MB
12/7/2024,07 Dic 2024,482,742,1167,113.51 MB
12/8/2024,08 Dic 2024,358,541,919,76.28 MB
12/9/2024,09 Dic 2024,472,703,1492,300.87 MB
12/10/2024,10 Dic 2024,463,673,1328,436.64 MB
12/11/2024,11 Dic 2024,438,623,1093,319.25 MB
12/12/2024,12 Dic 2024,424,594,1063,259.57 MB
12/13/2024,13 Dic 2024,500,717,1422,280.97 MB
12/14/2024,14 Dic 2024,417,625,984,131.61 MB
12/15/2024,15 Dic 2024,421,601,1015,145.11 MB
12/16/2024,16 Dic 2024,402,584,1081,221.08 MB
12/17/2024,17 Dic 2024,447,651,1038,111.83 MB
12/18/2024,18 Dic 2024,534,803,1537,240.69 MB
12/19/2024,19 Dic 2024,535,776,1318,130.97 MB
12/20/2024,20 Dic 2024,757,1173,1756,112.44 MB
12/21/2024,21 Dic 2024,730,1128,1812,122.19 MB
12/22/2024,22 Dic 2024,459,714,1030,365.35 MB
12/23/2024,23 Dic 2024,591,934,1244,52.98 MB
12/24/2024,24 Dic 2024,375,501,793,121.25 MB
12/25/2024,25 Dic 2024,410,542,799,175.27 MB
12/26/2024,26 Dic 2024,411,591,953,199.77 MB
12/27/2024,27 Dic 2024,495,698,1202,115.01 MB
12/28/2024,28 Dic 2024,410,641,1009,107.36 MB
12/29/2024,29 Dic 2024,401,655,916,202.30 MB
12/30/2024,30 Dic 2024,378,547,852,298.37 MB
12/31/2024,31 Dic 2024,328,513,811,105.76 MB
1/1/2025,01 Ene 2025,413,628,974,246.24 MB
1/2/2025,02 Ene 2025,462,726,1132,116.57 MB
1/3/2025,03 Ene 2025,446,683,1112,120.07 MB
1/4/2025,04 Ene 2025,388,566,851,224.85 MB
1/5/2025,05 Ene 2025,375,545,771,101.03 MB
1/6/2025,06 Ene 2025,364,493,876,179.90 MB
1/7/2025,07 Ene 2025,421,615,940,138.91 MB
1/8/2025,08 Ene 2025,386,553,923,362.63 MB
1/9/2025,09 Ene 2025,498,813,1450,214.73 MB
1/10/2025,10 Ene 2025,506,807,1280,84.79 MB
1/11/2025,11 Ene 2025,359,547,793,125.81 MB
1/12/2025,12 Ene 2025,411,636,970,203.27 MB
1/13/2025,13 Ene 2025,581,949,1416,152.18 MB
1/14/2025,14 Ene 2025,511,768,1249,176.10 MB
1/15/2025,15 Ene 2025,596,952,1407,218.16 MB
1/16/2025,16 Ene 2025,612,893,1302,100.11 MB
1/17/2025,17 Ene 2025,614,948,1395,205.27 MB
1/18/2025,18 Ene 2025,450,681,1024,112.13 MB
1/19/2025,19 Ene 2025,386,567,825,128.59 MB
1/20/2025,20 Ene 2025,405,657,1079,264.23 MB
1/21/2025,21 Ene 2025,444,705,1048,186.20 MB
1/22/2025,22 Ene 2025,545,831,1249,250.45 MB
1/23/2025,23 Ene 2025,480,739,1278,146.95 MB
1/24/2025,24 Ene 2025,751,1225,1907,110.77 MB
1/25/2025,25 Ene 2025,520,819,1234,207.27 MB
1/26/2025,26 Ene 2025,445,714,1088,299.47 MB
1/27/2025,27 Ene 2025,578,919,1408,309.52 MB
1/28/2025,28 Ene 2025,596,872,1471,292.32 MB
1/29/2025,29 Ene 2025,508,752,1245,200.31 MB
1/30/2025,30 Ene 2025,498,723,1170,430.72 MB
1/31/2025,31 Ene 2025,532,786,1180,141.74 MB
